{"data": [], "episode_reward": [218.25524790091305, 55.45738648720519, 133.4871951804425, 74.74465152969172], "episode_cost": [4.0, 1.0, 1.0, 4.0], "success_rate": 0.0, "episode_len": [250, 119, 359, 142]}