{"0": [{"success_rate": 1.0, "crash_rate": 0.0, "out_of_road_rate": 0.0, "max_step_rate": 0.0, "velocity_max": 26.045012750980675, "velocity_mean": 23.93915231194943, "velocity_min": 0.0, "steering_max": 0.9003793597221375, "steering_mean": -0.043244237970916165, "steering_min": -0.8981084823608398, "acceleration_min": -0.626627504825592, "acceleration_mean": 0.8375972854542105, "acceleration_max": 0.9983583092689514, "step_reward_max": 0.8656090016548318, "step_reward_mean": 0.7592059217405176, "step_reward_min": 0.0, "takeover_rate": 0.0, "takeover_count": 0.0, "raw_episode_reward": 360.62281282674587, "episode_crash_num": 0.0, "episode_out_of_road_num": 0.0, "high_speed_rate": 0.0, "total_takeover_cost": 0.0, "total_native_cost": 0.0, "cost": 0.0, "overtake_num": 0, "episode_crash_vehicle_num": 0.0, "episode_crash_object_num": 0.0}]}