{"0": [{"success_rate": 1.0, "crash_rate": 0.0, "out_of_road_rate": 0.0, "max_step_rate": 0.0, "episode_length": 541, "velocity_max": 25.92462045246488, "velocity_mean": 24.43767041507098, "velocity_min": 0.0, "steering_max": 0.4187663793563843, "steering_mean": -0.015714379092095276, "steering_min": -0.5043502449989319, "acceleration_min": 0.3904154300689697, "acceleration_mean": 0.8394693667809315, "acceleration_max": 0.9360537528991699, "step_reward_max": 0.8829611429216082, "step_reward_mean": 0.7716400888676331, "step_reward_min": 0.0, "takeover_rate": 0.0, "takeover_count": 0.0, "raw_episode_reward": 417.4572880773896, "episode_crash_num": 0.0, "episode_out_of_road_num": 0.0, "high_speed_rate": 0.0, "total_takeover_cost": 0.0, "total_native_cost": 0.0, "cost": 0.0, "overtake_num": 0, "episode_crash_vehicle_num": 0.0, "episode_crash_object_num": 0.0}, {"success_rate": 1.0, "crash_rate": 0.0, "out_of_road_rate": 0.0, "max_step_rate": 0.0, "episode_length": 410, "velocity_max": 25.887760798271923, "velocity_mean": 24.089667790748344, "velocity_min": 0.0, "steering_max": 0.4493792653083801, "steering_mean": -0.023447157485515627, "steering_min": -0.5044934153556824, "acceleration_min": 0.46576282382011414, "acceleration_mean": 0.8652666455361901, "acceleration_max": 0.936053991317749, "step_reward_max": 0.9102829462082456, "step_reward_mean": 0.7554698728570445, "step_reward_min": 0.0, "takeover_rate": 0.0, "takeover_count": 0.0, "raw_episode_reward": 309.742647871388, "episode_crash_num": 0.0, "episode_out_of_road_num": 0.0, "high_speed_rate": 0.0, "total_takeover_cost": 0.0, "total_native_cost": 0.0, "cost": 0.0, "overtake_num": 0, "episode_crash_vehicle_num": 0.0, "episode_crash_object_num": 0.0}, {"success_rate": 1.0, "crash_rate": 0.0, "out_of_road_rate": 0.0, "max_step_rate": 0.0, "episode_length": 561, "velocity_max": 25.926231906812724, "velocity_mean": 24.454512573469827, "velocity_min": 0.0, "steering_max": 0.4580612778663635, "steering_mean": 0.014381170638466716, "steering_min": -0.5964481830596924, "acceleration_min": 0.3911348283290863, "acceleration_mean": 0.8251409566763676, "acceleration_max": 0.9360538125038147, "step_reward_max": 0.8511278624447742, "step_reward_mean": 0.7724059183650428, "step_reward_min": 0.0, "takeover_rate": 0.0, "takeover_count": 0.0, "raw_episode_reward": 433.31972020278914, "episode_crash_num": 0.0, "episode_out_of_road_num": 0.0, "high_speed_rate": 0.0, "total_takeover_cost": 0.0, "total_native_cost": 0.0, "cost": 0.0, "overtake_num": 0, "episode_crash_vehicle_num": 0.0, "episode_crash_object_num": 0.0}, {"success_rate": 0.0, "crash_rate": 1.0, "out_of_road_rate": 0.0, "max_step_rate": 0.0, "episode_length": 194, "velocity_max": 25.899636000993418, "velocity_mean": 22.791718208736334, "velocity_min": 0.0, "steering_max": 0.22764645516872406, "steering_mean": 0.046735759485169726, "steering_min": -0.15113221108913422, "acceleration_min": 0.3727298378944397, "acceleration_mean": 0.8471683096332648, "acceleration_max": 0.9360538125038147, "step_reward_max": 0.8378026217271457, "step_reward_mean": 0.7228162376647437, "step_reward_min": 0.0, "takeover_rate": 0.0, "takeover_count": 0.0, "raw_episode_reward": 140.22635010696035, "episode_crash_num": 1.0, "episode_out_of_road_num": 0.0, "high_speed_rate": 0.0, "total_takeover_cost": 0.0, "total_native_cost": 1.0, "cost": 1.0, "overtake_num": 0, "episode_crash_vehicle_num": 0.0, "episode_crash_object_num": 1.0}, {"success_rate": 0.0, "crash_rate": 0.0, "out_of_road_rate": 1.0, "max_step_rate": 0.0, "episode_length": 577, "velocity_max": 25.905954911364518, "velocity_mean": 24.457247192930705, "velocity_min": 0.0, "steering_max": 0.29309549927711487, "steering_mean": -0.009083918650141083, "steering_min": -0.46492600440979004, "acceleration_min": 0.39259427785873413, "acceleration_mean": 0.8296514084785402, "acceleration_max": 0.9360539317131042, "step_reward_max": 0.8748659442392943, "step_reward_mean": 0.7698789814776915, "step_reward_min": 0.0, "takeover_rate": 0.0, "takeover_count": 0.0, "raw_episode_reward": 444.220172312628, "episode_crash_num": 0.0, "episode_out_of_road_num": 1.0, "high_speed_rate": 0.0, "total_takeover_cost": 0.0, "total_native_cost": 1.0, "cost": 1.0, "overtake_num": 0, "episode_crash_vehicle_num": 0.0, "episode_crash_object_num": 0.0}, {"success_rate": 0.0, "crash_rate": 1.0, "out_of_road_rate": 0.0, "max_step_rate": 0.0, "episode_length": 87, "velocity_max": 25.72949363342917, "velocity_mean": 19.456923956826735, "velocity_min": 0.0, "steering_max": 0.3326408267021179, "steering_mean": 0.010300076857005814, "steering_min": -0.2859976291656494, "acceleration_min": 0.2618028521537781, "acceleration_mean": 0.6128564333093578, "acceleration_max": 0.9368153214454651, "step_reward_max": 0.8384941541224491, "step_reward_mean": 0.6118823995397069, "step_reward_min": 0.0, "takeover_rate": 0.0, "takeover_count": 0.0, "raw_episode_reward": 53.233768759954486, "episode_crash_num": 1.0, "episode_out_of_road_num": 0.0, "high_speed_rate": 0.0, "total_takeover_cost": 0.0, "total_native_cost": 1.0, "cost": 1.0, "overtake_num": 0, "episode_crash_vehicle_num": 0.0, "episode_crash_object_num": 1.0}, {"success_rate": 1.0, "crash_rate": 0.0, "out_of_road_rate": 0.0, "max_step_rate": 0.0, "episode_length": 396, "velocity_max": 25.95630303792505, "velocity_mean": 24.11061765110854, "velocity_min": 0.0, "steering_max": 0.5986787676811218, "steering_mean": -0.002197449343885187, "steering_min": -0.5617550611495972, "acceleration_min": 0.2261352241039276, "acceleration_mean": 0.8316468935873773, "acceleration_max": 0.9360533952713013, "step_reward_max": 0.9018204659441038, "step_reward_mean": 0.7623464572715153, "step_reward_min": 0.0, "takeover_rate": 0.0, "takeover_count": 0.0, "raw_episode_reward": 301.88919707951993, "episode_crash_num": 0.0, "episode_out_of_road_num": 0.0, "high_speed_rate": 0.0, "total_takeover_cost": 0.0, "total_native_cost": 0.0, "cost": 0.0, "overtake_num": 0, "episode_crash_vehicle_num": 0.0, "episode_crash_object_num": 0.0}, {"success_rate": 1.0, "crash_rate": 0.0, "out_of_road_rate": 0.0, "max_step_rate": 0.0, "episode_length": 562, "velocity_max": 25.95248725179801, "velocity_mean": 24.444776701802795, "velocity_min": 0.0, "steering_max": 0.45963868498802185, "steering_mean": 0.014916579156885755, "steering_min": -0.5969737768173218, "acceleration_min": 0.39115437865257263, "acceleration_mean": 0.8240722576388261, "acceleration_max": 0.9360538125038147, "step_reward_max": 0.8959551036899005, "step_reward_mean": 0.7714151514609262, "step_reward_min": 0.0, "takeover_rate": 0.0, "takeover_count": 0.0, "raw_episode_reward": 433.5353151210405, "episode_crash_num": 0.0, "episode_out_of_road_num": 0.0, "high_speed_rate": 0.0, "total_takeover_cost": 0.0, "total_native_cost": 0.0, "cost": 0.0, "overtake_num": 0, "episode_crash_vehicle_num": 0.0, "episode_crash_object_num": 0.0}, {"success_rate": 0.0, "crash_rate": 1.0, "out_of_road_rate": 0.0, "max_step_rate": 0.0, "episode_length": 194, "velocity_max": 25.899636004534837, "velocity_mean": 22.79172293168188, "velocity_min": 0.0, "steering_max": 0.2276497632265091, "steering_mean": 0.04673577883171599, "steering_min": -0.1511295735836029, "acceleration_min": 0.37272846698760986, "acceleration_mean": 0.8471681590854507, "acceleration_max": 0.9360538125038147, "step_reward_max": 0.837804252559954, "step_reward_mean": 0.7228164669006554, "step_reward_min": 0.0, "takeover_rate": 0.0, "takeover_count": 0.0, "raw_episode_reward": 140.22639457872708, "episode_crash_num": 1.0, "episode_out_of_road_num": 0.0, "high_speed_rate": 0.0, "total_takeover_cost": 0.0, "total_native_cost": 1.0, "cost": 1.0, "overtake_num": 0, "episode_crash_vehicle_num": 0.0, "episode_crash_object_num": 1.0}, {"success_rate": 0.0, "crash_rate": 1.0, "out_of_road_rate": 0.0, "max_step_rate": 0.0, "episode_length": 180, "velocity_max": 25.90431063746035, "velocity_mean": 22.596279710267872, "velocity_min": 0.0,