{"1982": [{"success_rate": 1.0, "crash_rate": 0.0, "out_of_road_rate": 0.0, "max_step_rate": 0.0, "velocity_max": 41.07828704006149, "velocity_mean": 34.22819968943057, "velocity_min": 0.0, "steering_max": 0.9953738451004028, "steering_mean": 0.05452807015450983, "steering_min": -0.9449086785316467, "acceleration_min": -0.855760931968689, "acceleration_mean": 0.7988677182376267, "acceleration_max": 1.0, "step_reward_max": 1.3122751503623646, "step_reward_mean": 1.0278818905178884, "step_reward_min": 0.0, "takeover_rate": 0.0, "takeover_count": 0.0, "raw_episode_reward": 521.1361184925695, "episode_crash_num": 0.0, "episode_out_of_road_num": 0.0, "high_speed_rate": 0.0, "total_takeover_cost": 0.0, "total_native_cost": 0.0, "cost": 0.0, "overtake_num": 0, "episode_crash_vehicle_num": 0.0, "episode_crash_object_num": 0.0}, {"success_rate": 1.0, "crash_rate": 0.0, "out_of_road_rate": 0.0, "max_step_rate": 0.0, "velocity_max": 40.95367241448289, "velocity_mean": 34.43186737666701, "velocity_min": 0.0, "steering_max": 0.9970324039459229, "steering_mean": 0.039146520770513095, "steering_min": -0.9981913566589355, "acceleration_min": -0.9422019124031067, "acceleration_mean": 0.8677248451572198, "acceleration_max": 1.0, "step_reward_max": 1.3074509593611365, "step_reward_mean": 1.035033648964113, "step_reward_min": 0.0, "takeover_rate": 0.0, "takeover_count": 0.0, "raw_episode_reward": 538.2174974613383, "episode_crash_num": 1.0, "episode_out_of_road_num": 0.0, "high_speed_rate": 0.0, "total_takeover_cost": 0.0, "total_native_cost": 1.0, "cost": 1.0, "overtake_num": 0, "episode_crash_vehicle_num": 0.0, "episode_crash_object_num": 1.0}, {"success_rate": 1.0, "crash_rate": 0.0, "out_of_road_rate": 0.0, "max_step_rate": 0.0, "velocity_max": 41.0258493182238, "velocity_mean": 35.1147488162052, "velocity_min": 0.0, "steering_max": 0.9790863990783691, "steering_mean": -0.08551684021949768, "steering_min": -0.9999860525131226, "acceleration_min": -0.9716733694076538, "acceleration_mean": 0.8271419864041465, "acceleration_max": 1.0, "step_reward_max": 1.31066429393525, "step_reward_mean": 1.0589090529766036, "step_reward_min": 0.0, "takeover_rate": 0.0, "takeover_count": 0.0, "raw_episode_reward": 370.61816854181143, "episode_crash_num": 0.0, "episode_out_of_road_num": 0.0, "high_speed_rate": 0.0, "total_takeover_cost": 0.0, "total_native_cost": 0.0, "cost": 0.0, "overtake_num": 0, "episode_crash_vehicle_num": 0.0, "episode_crash_object_num": 0.0}, {"success_rate": 1.0, "crash_rate": 0.0, "out_of_road_rate": 0.0, "max_step_rate": 0.0, "velocity_max": 41.037196723789, "velocity_mean": 31.22249268399397, "velocity_min": 0.0, "steering_max": 0.9999418258666992, "steering_mean": 0.01371601573738134, "steering_min": -0.9999997019767761, "acceleration_min": -0.9295905828475952, "acceleration_mean": 0.862866222858429, "acceleration_max": 1.0, "step_reward_max": 1.2805676693661292, "step_reward_mean": 0.9398463477756952, "step_reward_min": 0.0, "takeover_rate": 0.0, "takeover_count": 0.0, "raw_episode_reward": 400.3745441524464, "episode_crash_num": 0.0, "episode_out_of_road_num": 0.0, "high_speed_rate": 0.0, "total_takeover_cost": 0.0, "total_native_cost": 0.0, "cost": 0.0, "overtake_num": 0, "episode_crash_vehicle_num": 0.0, "episode_crash_object_num": 0.0}, {"success_rate": 1.0, "crash_rate": 0.0, "out_of_road_rate": 0.0, "max_step_rate": 0.0, "velocity_max": 40.79736014499557, "velocity_mean": 29.068148404612142, "velocity_min": 0.0, "steering_max": 0.9998433589935303, "steering_mean": 0.01958829285837615, "steering_min": -1.0, "acceleration_min": -0.99982750415802, "acceleration_mean": 0.8851624047786528, "acceleration_max": 1.0, "step_reward_max": 1.2534423647261084, "step_reward_mean": 0.8760197586198142, "step_reward_min": 0.0, "takeover_rate": 0.0, "takeover_count": 0.0, "raw_episode_reward": 344.27576513758686, "episode_crash_num": 0.0, "episode_out_of_road_num": 0.0, "high_speed_rate": 0.0, "total_takeover_cost": 0.0, "total_native_cost": 0.0, "cost": 0.0, "overtake_num": 0, "episode_crash_vehicle_num": 0.0, "episode_crash_object_num": 0.0}, {"success_rate": 1.0, "crash_rate": 0.0, "out_of_road_rate": 0.0, "max_step_rate": 0.0, "velocity_max": 39.22218921198765, "velocity_mean": 29.616827582691965, "velocity_min": 0.0, "steering_max": 0.9893306493759155, "steering_mean": 0.0213160513402175, "steering_min": -1.0, "acceleration_min": -0.9971393346786499, "acceleration_mean": 0.8318084345447073, "acceleration_max": 1.0, "step_reward_max": 1.201174703314058, "step_reward_mean": 0.8863085643751996, "step_reward_min": 0.0, "takeover_rate": 0.0, "takeover_count": 0.0, "raw_episode_reward": 369.5906713444581, "episode_crash_num": 0.0, "episode_out_of_road_num": 0.0, "high_speed_rate": 0.0, "total_takeover_cost": 0.0, "total_native_cost": 0.0, "cost": 0.0, "overtake_num": 0, "episode_crash_vehicle_num": 0.0, "episode_crash_object_num": 0.0}, {"success_rate": 1.0, "crash_rate": 0.0, "out_of_road_rate": 0.0, "max_step_rate": 0.0, "velocity_max": 40.71492488952858, "velocity_mean": 28.281993573324165, "velocity_min": 0.0, "steering_max": 1.0, "steering_mean": -0.05153122423319799, "steering_min": -0.9999955296516418, "acceleration_min": -0.9999856352806091, "acceleration_mean": 0.9183249997036923, "acceleration_max": 1.0, "step_reward_max": 1.2353037028844425, "step_reward_mean": 0.84672455743017, "step_reward_min": 0.0, "takeover_rate": 0.0, "takeover_count": 0.0, "raw_episode_reward": 458.92471012715276, "episode_crash_num": 1.0, "episode_out_of_road_num": 0.0, "high_speed_rate": 0.0, "total_takeover_cost": 0.0, "total_native_cost": 1.0, "cost": 1.0, "overtake_num": 0, "episode_crash_vehicle_num": 0.0, "episode_crash_object_num": 1.0}, {"success_rate": 1.0, "crash_rate": 0.0, "out_of_road_rate": 0.0, "max_step_rate": 0.0, "velocity_max": 41.09280776603031, "velocity_mean": 35.41552460074744, "velocity_min": 0.0, "steering_max": 0.9970452785491943, "steering_mean": 0.008758207120393453, "steering_min": -0.9999185800552368, "acceleration_min": -0.7631781697273254, "acceleration_mean": 0.9320638611442165, "acceleration_max": 1.0, "step_reward_max": 1.2782134846048874, "step_reward_mean": 1.0646583897542974, "step_reward_min": 0.0, "takeover_rate": 0.0, "takeover_count": 0.0, "raw_episode_reward": 505.71273513329083, "episode_crash_num": 0.0, "episode_out_of_road_num": 0.0, "high_speed_rate": 0.0, "total_takeover_cost": 0.0, "total_native_cost": 0.0, "cost": 0.0, "overtake_num": 0, "episode_crash_vehicle_num": 0.0, "episode_crash_object_num": 0.0}, {"success_rate": 0.0, "crash_rate": 0.0, "out_of_road_rate": 1.0, "max_step_rate": 0.0, "velocity_max": 40.59849820599524, "velocity_mean": 31.72065771186588, "velocity_min": 0.0, "steering_max": 0.9987577199935913, "steering_mean": -0.11855276125233348, "steering_min": -0.9998987913131714, "acceleration_min": -0.5697818994522095, "acceleration_mean": 0.9006574569678888, "acceleration_max": 1.0, "step_reward_max": 1.2314810415125845, "step_reward_mean": 0.9576580551572256, "step_reward_min": 0.0, "takeover_rate": 0.0, "takeover_count": 0.0, "raw_episode_reward": 196.3199013072313, "episode_crash_num": 1.0, "episode_out_of_road_num": 1.0, "high_speed_rate": 0.0, "total_takeover_cost": 0.0, "total_native_cost": 2.0, "cost": 2.0, "overtake_num": 0, "episode_crash_vehicle_num": 0.0, "episode_crash_object_num": 1.0}, {"success_rate": 1.0, "crash_rate": 0.0, "out_of_road_rate": 0.0, "max_step_rate": 0.0, "velocity_max": 41.05291851545036, "velocity_mean": 30.51700502436595, "velocity_min": 0.0, "steering_max": 0.9904990196228027, "steering_mean": 0.027327552507090014, "steering_min": -0.9999456405639648, "acceleration_min": -0.9999625086784363, "acceleration_mean": 0.7916908193466276, "acceleration_max": 1.0, "step_reward_max": 1.2951897231906213, "step_reward_mean": 0.9153188365579662, "step_reward_min": 0.0, "takeover_rate": 0.0, "takeover_count": 0.0, "raw_episode_reward": 393.5870997199254, "episode_crash_num": 0.0,