{"1982": [{"success_rate": 1.0, "crash_rate": 0.0, "out_of_road_rate": 0.0, "max_step_rate": 0.0, "velocity_max": 26.08813524073434, "velocity_mean": 24.209320830057624, "velocity_min": 0.0, "steering_max": 0.9836404323577881, "steering_mean": 0.020373948524857678, "steering_min": -0.9996029138565063, "acceleration_min": -0.9237033128738403, "acceleration_mean": 0.8655017941843631, "acceleration_max": 1.0, "step_reward_max": 0.8683932110672254, "step_reward_mean": 0.7618968908324001, "step_reward_min": 0.0, "takeover_rate": 0.0, "takeover_count": 0.0, "raw_episode_reward": 524.1850608926915, "episode_crash_num": 0.0, "episode_out_of_road_num": 0.0, "high_speed_rate": 0.0, "total_takeover_cost": 0.0, "total_native_cost": 0.0, "cost": 0.0, "overtake_num": 0, "episode_crash_vehicle_num": 0.0, "episode_crash_object_num": 0.0}, {"success_rate": 1.0, "crash_rate": 0.0, "out_of_road_rate": 0.0, "max_step_rate": 0.0, "velocity_max": 26.061379962438462, "velocity_mean": 24.178817705739633, "velocity_min": 0.0, "steering_max": 0.9999712705612183, "steering_mean": 0.010598823428153992, "steering_min": -0.9965987205505371, "acceleration_min": -0.8620869517326355, "acceleration_mean": 0.8694783647566341, "acceleration_max": 1.0, "step_reward_max": 0.8868248248491828, "step_reward_mean": 0.7615063637404995, "step_reward_min": 0.0, "takeover_rate": 0.0, "takeover_count": 0.0, "raw_episode_reward": 523.9163782534636, "episode_crash_num": 1.0, "episode_out_of_road_num": 0.0, "high_speed_rate": 0.0, "total_takeover_cost": 0.0, "total_native_cost": 1.0, "cost": 1.0, "overtake_num": 0, "episode_crash_vehicle_num": 1.0, "episode_crash_object_num": 0.0}, {"success_rate": 1.0, "crash_rate": 0.0, "out_of_road_rate": 0.0, "max_step_rate": 0.0, "velocity_max": 26.121890511627214, "velocity_mean": 24.227724317256914, "velocity_min": 0.0, "steering_max": 0.9775348901748657, "steering_mean": 0.00230362462716531, "steering_min": -0.9934176206588745, "acceleration_min": -0.885445237159729, "acceleration_mean": 0.8352559894455024, "acceleration_max": 0.9999994039535522, "step_reward_max": 0.8782562212175231, "step_reward_mean": 0.7647953318597541, "step_reward_min": 0.0, "takeover_rate": 0.0, "takeover_count": 0.0, "raw_episode_reward": 519.2960303327728, "episode_crash_num": 0.0, "episode_out_of_road_num": 0.0, "high_speed_rate": 0.0, "total_takeover_cost": 0.0, "total_native_cost": 0.0, "cost": 0.0, "overtake_num": 0, "episode_crash_vehicle_num": 0.0, "episode_crash_object_num": 0.0}, {"success_rate": 1.0, "crash_rate": 0.0, "out_of_road_rate": 0.0, "max_step_rate": 0.0, "velocity_max": 25.97662480071975, "velocity_mean": 23.35421116141127, "velocity_min": 0.0, "steering_max": 0.9850912094116211, "steering_mean": 0.004833779104475705, "steering_min": -0.9997568130493164, "acceleration_min": -0.956061065196991, "acceleration_mean": 0.8683732232114054, "acceleration_max": 0.9999966621398926, "step_reward_max": 0.8512057749862193, "step_reward_mean": 0.7343701081251514, "step_reward_min": 0.0, "takeover_rate": 0.0, "takeover_count": 0.0, "raw_episode_reward": 311.37292584506423, "episode_crash_num": 0.0, "episode_out_of_road_num": 0.0, "high_speed_rate": 0.0, "total_takeover_cost": 0.0, "total_native_cost": 0.0, "cost": 0.0, "overtake_num": 0, "episode_crash_vehicle_num": 0.0, "episode_crash_object_num": 0.0}, {"success_rate": 1.0, "crash_rate": 0.0, "out_of_road_rate": 0.0, "max_step_rate": 0.0, "velocity_max": 26.009928274677364, "velocity_mean": 23.64916786238404, "velocity_min": 0.0, "steering_max": 0.9902180433273315, "steering_mean": 0.04534420303441259, "steering_min": -0.9999449849128723, "acceleration_min": -0.998637855052948, "acceleration_mean": 0.9435765654836857, "acceleration_max": 1.0, "step_reward_max": 0.9183437800945056, "step_reward_mean": 0.7456686288586182, "step_reward_min": 0.0, "takeover_rate": 0.0, "takeover_count": 0.0, "raw_episode_reward": 427.26812433598826, "episode_crash_num": 0.0, "episode_out_of_road_num": 0.0, "high_speed_rate": 0.0, "total_takeover_cost": 0.0, "total_native_cost": 0.0, "cost": 0.0, "overtake_num": 0, "episode_crash_vehicle_num": 0.0, "episode_crash_object_num": 0.0}, {"success_rate": 1.0, "crash_rate": 0.0, "out_of_road_rate": 0.0, "max_step_rate": 0.0, "velocity_max": 26.09870789427729, "velocity_mean": 24.06368415588503, "velocity_min": 0.0, "steering_max": 0.987362265586853, "steering_mean": -0.010201029987779513, "steering_min": -0.9826273918151855, "acceleration_min": -0.9065029621124268, "acceleration_mean": 0.8605513197808417, "acceleration_max": 1.0, "step_reward_max": 0.8710240234201285, "step_reward_mean": 0.7569278549606515, "step_reward_min": 0.0, "takeover_rate": 0.0, "takeover_count": 0.0, "raw_episode_reward": 454.91364083135204, "episode_crash_num": 0.0, "episode_out_of_road_num": 0.0, "high_speed_rate": 0.0, "total_takeover_cost": 0.0, "total_native_cost": 0.0, "cost": 0.0, "overtake_num": 0, "episode_crash_vehicle_num": 0.0, "episode_crash_object_num": 0.0}, {"success_rate": 1.0, "crash_rate": 0.0, "out_of_road_rate": 0.0, "max_step_rate": 0.0, "velocity_max": 26.008491368972724, "velocity_mean": 23.360296858702377, "velocity_min": 0.0, "steering_max": 0.9993932247161865, "steering_mean": 0.0177463061424322, "steering_min": -0.9688217639923096, "acceleration_min": -0.8731803894042969, "acceleration_mean": 0.8401804705634388, "acceleration_max": 1.0, "step_reward_max": 0.8930975355275099, "step_reward_mean": 0.7363339162193652, "step_reward_min": 0.0, "takeover_rate": 0.0, "takeover_count": 0.0, "raw_episode_reward": 337.24093362846924, "episode_crash_num": 0.0, "episode_out_of_road_num": 0.0, "high_speed_rate": 0.0, "total_takeover_cost": 0.0, "total_native_cost": 0.0, "cost": 0.0, "overtake_num": 0, "episode_crash_vehicle_num": 0.0, "episode_crash_object_num": 0.0}, {"success_rate": 1.0, "crash_rate": 0.0, "out_of_road_rate": 0.0, "max_step_rate": 0.0, "velocity_max": 26.0544888771375, "velocity_mean": 22.90925639029699, "velocity_min": 0.0, "steering_max": 0.9513373374938965, "steering_mean": -0.049375940720385564, "steering_min": -0.9773901104927063, "acceleration_min": -0.813361644744873, "acceleration_mean": 0.769864890867439, "acceleration_max": 0.999997615814209, "step_reward_max": 0.9331256395504619, "step_reward_mean": 0.7223800951019567, "step_reward_min": 0.0, "takeover_rate": 0.0, "takeover_count": 0.0, "raw_episode_reward": 395.14191202077046, "episode_crash_num": 0.0, "episode_out_of_road_num": 0.0, "high_speed_rate": 0.0, "total_takeover_cost": 0.0, "total_native_cost": 0.0, "cost": 0.0, "overtake_num": 0, "episode_crash_vehicle_num": 0.0, "episode_crash_object_num": 0.0}, {"success_rate": 1.0, "crash_rate": 0.0, "out_of_road_rate": 0.0, "max_step_rate": 0.0, "velocity_max": 26.09945129193153, "velocity_mean": 24.038471286658652, "velocity_min": 0.0, "steering_max": 0.9808881282806396, "steering_mean": -0.011936625902743983, "steering_min": -0.983570396900177, "acceleration_min": -0.8060266971588135, "acceleration_mean": 0.8637603037369231, "acceleration_max": 1.0, "step_reward_max": 0.8722712651123085, "step_reward_mean": 0.7583795838632107, "step_reward_min": 0.0, "takeover_rate": 0.0, "takeover_count": 0.0, "raw_episode_reward": 455.7861299017898, "episode_crash_num": 0.0, "episode_out_of_road_num": 0.0, "high_speed_rate": 0.0, "total_takeover_cost": 0.0, "total_native_cost": 0.0, "cost": 0.0, "overtake_num": 0, "episode_crash_vehicle_num": 0.0, "episode_crash_object_num": 0.0}, {"success_rate": 1.0, "crash_rate": 0.0, "out_of_road_rate": 0.0, "max_step_rate": 0.0, "velocity_max": 26.07354852353143, "velocity_mean": 23.95274102443643, "velocity_min": 0.0, "steering_max": 0.9969983100891113, "steering_mean": 0.03225546253516393, "steering_min": -0.9583202600479126, "acceleration_min": -0.9980865120887756, "acceleration_mean": 0.8362387366154614, "acceleration_max": 0.9999942779541016, "step_reward_max": 0.8545916930419989, "step_reward_mean": 0.7519102758285169, "step_reward_min": 0.0,